{
  "project_info": {
    "project_number": "836149095946",
    "project_id": "anycall-training",
    "storage_bucket": "anycall-training.firebasestorage.app"
  },
  "client": [
    {
      "client_info": {
        "mobilesdk_app_id": "1:836149095946:android:2ecc097c8665b58dc039f3",
        "android_client_info": {
          "package_name": "com.anycallmobile.anycallmobile_trainingcenter"
        }
      },
      "oauth_client": [],
      "api_key": [
        {
          "current_key": "AIzaSyB5GFPAGqGgw8FJD7SLXScqcBbX54xTnw4"
        }
      ],
      "services": {
        "appinvite_service": {
          "other_platform_oauth_client": []
        }
      }
    }
  ],
  "configuration_version": "1"
}